[{"model": "admin.logentry", "pk": 1, "fields": {"action_time": "2022-06-01T01:22:08.190Z", "user": 1, "content_type": 7, "object_id": "1", "object_repr": "Web Development", "action_flag": 1, "change_message": "[{\"added\": {}}]"}}, {"model": "admin.logentry", "pk": 2, "fields": {"action_time": "2022-06-01T01:22:28.497Z", "user": 1, "content_type": 7, "object_id": "2", "object_repr": "Management", "action_flag": 1, "change_message": "[{\"added\": {}}]"}}, {"model": "admin.logentry", "pk": 3, "fields": {"action_time": "2022-06-01T01:22:38.261Z", "user": 1, "content_type": 7, "object_id": "3", "object_repr": "Economics", "action_flag": 1, "change_message": "[{\"added\": {}}]"}}, {"model": "admin.logentry", "pk": 4, "fields": {"action_time": "2022-06-01T01:22:48.137Z", "user": 1, "content_type": 7, "object_id": "4", "object_repr": "IT Certification", "action_flag": 1, "change_message": "[{\"added\": {}}]"}}, {"model": "admin.logentry", "pk": 5, "fields": {"action_time": "2022-06-01T01:22:56.383Z", "user": 1, "content_type": 7, "object_id": "5", "object_repr": "Sports", "action_flag": 1, "change_message": "[{\"added\": {}}]"}}, {"model": "admin.logentry", "pk": 6, "fields": {"action_time": "2022-06-01T01:25:00.622Z", "user": 1, "content_type": 9, "object_id": "1", "object_repr": "CCNA", "action_flag": 1, "change_message": "[{\"added\": {}}]"}}, {"model": "admin.logentry", "pk": 7, "fields": {"action_time": "2022-06-01T01:25:19.227Z", "user": 1, "content_type": 9, "object_id": "2", "object_repr": "AWS", "action_flag": 1, "change_message": "[{\"added\": {}}]"}}, {"model": "admin.logentry", "pk": 8, "fields": {"action_time": "2022-06-01T01:25:39.707Z", "user": 1, "content_type": 9, "object_id": "3", "object_repr": "CompTIA Security", "action_flag": 1, "change_message": "[{\"added\": {}}]"}}, {"model": "admin.logentry", "pk": 9, "fields": {"action_time": "2022-06-01T01:25:55.325Z", "user": 1, "content_type": 9, "object_id": "4", "object_repr": "Oracle SQL", "action_flag": 1, "change_message": "[{\"added\": {}}]"}}, {"model": "admin.logentry", "pk": 10, "fields": {"action_time": "2022-06-01T01:26:15.434Z", "user": 1, "content_type": 9, "object_id": "5", "object_repr": "Microeconomics", "action_flag": 1, "change_message": "[{\"added\": {}}]"}}, {"model": "admin.logentry", "pk": 11, "fields": {"action_time": "2022-06-01T01:26:29.390Z", "user": 1, "content_type": 9, "object_id": "6", "object_repr": "Introduction to Economics", "action_flag": 1, "change_message": "[{\"added\": {}}]"}}, {"model": "admin.logentry", "pk": 12, "fields": {"action_time": "2022-06-01T01:26:47.660Z", "user": 1, "content_type": 9, "object_id": "7", "object_repr": "Global Economics", "action_flag": 1, "change_message": "[{\"added\": {}}]"}}, {"model": "admin.logentry", "pk": 13, "fields": {"action_time": "2022-06-01T01:27:01.888Z", "user": 1, "content_type": 9, "object_id": "8", "object_repr": "Web Development Bootcamp", "action_flag": 1, "change_message": "[{\"added\": {}}]"}}, {"model": "admin.logentry", "pk": 14, "fields": {"action_time": "2022-06-01T01:27:19.670Z", "user": 1, "content_type": 9, "object_id": "9", "object_repr": "Web Design", "action_flag": 1, "change_message": "[{\"added\": {}}]"}}, {"model": "admin.logentry", "pk": 15, "fields": {"action_time": "2022-06-01T01:27:37.833Z", "user": 1, "content_type": 9, "object_id": "10", "object_repr": "Web Development Mastercalss", "action_flag": 1, "change_message": "[{\"added\": {}}]"}}, {"model": "admin.logentry", "pk": 16, "fields": {"action_time": "2022-06-01T01:27:52.063Z", "user": 1, "content_type": 9, "object_id": "11", "object_repr": "Build Responsive Websites", "action_flag": 1, "change_message": "[{\"added\": {}}]"}}, {"model": "admin.logentry", "pk": 17, "fields": {"action_time": "2022-06-01T01:28:14.783Z", "user": 1, "content_type": 9, "object_id": "12", "object_repr": "Innovation for Business", "action_flag": 1, "change_message": "[{\"added\": {}}]"}}, {"model": "admin.logentry", "pk": 18, "fields": {"action_time": "2022-06-01T01:28:34.803Z", "user": 1, "content_type": 9, "object_id": "13", "object_repr": "Leadership Skills", "action_flag": 1, "change_message": "[{\"added\": {}}]"}}, {"model": "admin.logentry", "pk": 19, "fields": {"action_time": "2022-06-01T01:28:57.146Z", "user": 1, "content_type": 9, "object_id": "14", "object_repr": "Project Management", "action_flag": 1, "change_message": "[{\"added\": {}}]"}}, {"model": "admin.logentry", "pk": 20, "fields": {"action_time": "2022-06-01T01:37:12.616Z", "user": 1, "content_type": 8, "object_id": "2", "object_repr": "John Smith", "action_flag": 1, "change_message": "[{\"added\": {}}]"}}, {"model": "admin.logentry", "pk": 21, "fields": {"action_time": "2022-06-01T01:38:04.994Z", "user": 1, "content_type": 8, "object_id": "3", "object_repr": "Mary Jones", "action_flag": 1, "change_message": "[{\"added\": {}}]"}}, {"model": "admin.logentry", "pk": 22, "fields": {"action_time": "2022-06-01T01:38:45.167Z", "user": 1, "content_type": 8, "object_id": "4", "object_repr": "Alan George", "action_flag": 1, "change_message": "[{\"added\": {}}]"}}, {"model": "admin.logentry", "pk": 23, "fields": {"action_time": "2022-06-01T01:39:40.393Z", "user": 1, "content_type": 8, "object_id": "5", "object_repr": "Josh Jones", "action_flag": 1, "change_message": "[{\"added\": {}}]"}}, {"model": "admin.logentry", "pk": 24, "fields": {"action_time": "2022-06-01T01:40:22.371Z", "user": 1, "content_type": 8, "object_id": "6", "object_repr": "Chris Bill", "action_flag": 1, "change_message": "[{\"added\": {}}]"}}, {"model": "admin.logentry", "pk": 25, "fields": {"action_time": "2022-06-01T01:50:51.729Z", "user": 1, "content_type": 10, "object_id": "1", "object_repr": "1_Mary_Jones", "action_flag": 1, "change_message": "[{\"added\": {}}]"}}, {"model": "admin.logentry", "pk": 26, "fields": {"action_time": "2022-06-01T01:51:04.665Z", "user": 1, "content_type": 10, "object_id": "2", "object_repr": "2_John_Smith", "action_flag": 1, "change_message": "[{\"added\": {}}]"}}, {"model": "admin.logentry", "pk": 27, "fields": {"action_time": "2022-06-01T01:51:25.192Z", "user": 1, "content_type": 10, "object_id": "3", "object_repr": "3_Chris_Bill", "action_flag": 1, "change_message": "[{\"added\": {}}]"}}, {"model": "admin.logentry", "pk": 28, "fields": {"action_time": "2022-06-08T03:26:47.371Z", "user": 1, "content_type": 7, "object_id": "6", "object_repr": "MBBS", "action_flag": 1, "change_message": "[{\"added\": {}}]"}}, {"model": "admin.logentry", "pk": 29, "fields": {"action_time": "2022-06-08T03:27:33.331Z", "user": 1, "content_type": 9, "object_id": "15", "object_repr": "Bachelor of Medicine and Bachelor of Science", "action_flag": 1, "change_message": "[{\"added\": {}}]"}}, {"model": "admin.logentry", "pk": 30, "fields": {"action_time": "2022-06-08T03:30:59.208Z", "user": 1, "content_type": 9, "object_id": "1", "object_repr": "CCNA", "action_flag": 2, "change_message": "[{\"changed\": {\"fields\": [\"For everyone\"]}}]"}}, {"model": "admin.logentry", "pk": 31, "fields": {"action_time": "2022-06-08T03:31:23.202Z", "user": 1, "content_type": 9, "object_id": "8", "object_repr": "Web Development Bootcamp", "action_flag": 2, "change_message": "[{\"changed\": {\"fields\": [\"For everyone\"]}}]"}}, {"model": "admin.logentry", "pk": 32, "fields": {"action_time": "2022-07-04T14:14:52.139Z", "user": 1, "content_type": 9, "object_id": "16", "object_repr": "Bootstrap", "action_flag": 1, "change_message": "[{\"added\": {}}]"}}, {"model": "admin.logentry", "pk": 33, "fields": {"action_time": "2022-07-19T12:14:35.576Z", "user": 1, "content_type": 4, "object_id": "7", "object_repr": "bill", "action_flag": 1, "change_message": "[{\"added\": {}}]"}}, {"model": "admin.logentry", "pk": 34, "fields": {"action_time": "2022-07-19T12:20:19.451Z", "user": 1, "content_type": 8, "object_id": "8", "object_repr": "Jones Chris Bill", "action_flag": 1, "change_message": "[{\"added\": {}}]"}}, {"model": "admin.logentry", "pk": 35, "fields": {"action_time": "2022-07-19T12:34:41.012Z", "user": 1, "content_type": 4, "object_id": "8", "object_repr": "chris", "action_flag": 3, "change_message": ""}}, {"model": "admin.logentry", "pk": 36, "fields": {"action_time": "2022-07-19T12:45:28.999Z", "user": 1, "content_type": 4, "object_id": "7", "object_repr": "bill", "action_flag": 2, "change_message": "[{\"changed\": {\"fields\": [\"Active\"]}}]"}}, {"model": "admin.logentry", "pk": 37, "fields": {"action_time": "2022-07-19T12:46:05.455Z", "user": 1, "content_type": 4, "object_id": "7", "object_repr": "bill", "action_flag": 2, "change_message": "[{\"changed\": {\"fields\": [\"Active\"]}}]"}}, {"model": "admin.logentry", "pk": 38, "fields": {"action_time": "2022-07-19T12:46:34.325Z", "user": 1, "content_type": 4, "object_id": "7", "object_repr": "bill", "action_flag": 2, "change_message": "[{\"changed\": {\"fields\": [\"Active\"]}}]"}}, {"model": "admin.logentry", "pk": 39, "fields": {"action_time": "2022-07-19T12:47:15.380Z", "user": 1, "content_type": 4, "object_id": "7", "object_repr": "bill", "action_flag": 2, "change_message": "[{\"changed\": {\"fields\": [\"Active\"]}}]"}}, {"model": "admin.logentry", "pk": 40, "fields": {"action_time": "2022-07-19T12:49:06.368Z", "user": 1, "content_type": 4, "object_id": "5", "object_repr": "jo", "action_flag": 2, "change_message": "[{\"changed\": {\"fields\": [\"password\"]}}]"}}, {"model": "admin.logentry", "pk": 41, "fields": {"action_time": "2022-08-05T13:00:45.269Z", "user": 1, "content_type": 4, "object_id": "7", "object_repr": "bill", "action_flag": 2, "change_message": "[{\"changed\": {\"fields\": [\"password\"]}}]"}}, {"model": "admin.logentry", "pk": 42, "fields": {"action_time": "2022-08-09T21:19:12.176Z", "user": 1, "content_type": 8, "object_id": "6", "object_repr": "Chris Bill", "action_flag": 2, "change_message": "[{\"changed\": {\"fields\": [\"Image\"]}}]"}}, {"model": "admin.logentry", "pk": 43, "fields": {"action_time": "2022-08-09T21:26:57.081Z", "user": 1, "content_type": 8, "object_id": "6", "object_repr": "Chris Bill", "action_flag": 2, "change_message": "[{\"changed\": {\"fields\": [\"Image\"]}}]"}}, {"model": "admin.logentry", "pk": 44, "fields": {"action_time": "2022-08-09T21:37:04.235Z", "user": 1, "content_type": 8, "object_id": "6", "object_repr": "Chris Bill", "action_flag": 2, "change_message": "[{\"changed\": {\"fields\": [\"Image\"]}}]"}}, {"model": "auth.permission", "pk": 1, "fields": {"name": "Can add log entry", "content_type": 1, "codename": "add_logentry"}}, {"model": "auth.permission", "pk": 2, "fields": {"name": "Can change log entry", "content_type": 1, "codename": "change_logentry"}}, {"model": "auth.permission", "pk": 3, "fields": {"name": "Can delete log entry", "content_type": 1, "codename": "delete_logentry"}}, {"model": "auth.permission", "pk": 4, "fields": {"name": "Can view log entry", "content_type": 1, "codename": "view_logentry"}}, {"model": "auth.permission", "pk": 5, "fields": {"name": "Can add permission", "content_type": 2, "codename": "add_permission"}}, {"model": "auth.permission", "pk": 6, "fields": {"name": "Can change permission", "content_type": 2, "codename": "change_permission"}}, {"model": "auth.permission", "pk": 7, "fields": {"name": "Can delete permission", "content_type": 2, "codename": "delete_permission"}}, {"model": "auth.permission", "pk": 8, "fields": {"name": "Can view permission", "content_type": 2, "codename": "view_permission"}}, {"model": "auth.permission", "pk": 9, "fields": {"name": "Can add group", "content_type": 3, "codename": "add_group"}}, {"model": "auth.permission", "pk": 10, "fields": {"name": "Can change group", "content_type": 3, "codename": "change_group"}}, {"model": "auth.permission", "pk": 11, "fields": {"name": "Can delete group", "content_type": 3, "codename": "delete_group"}}, {"model": "auth.permission", "pk": 12, "fields": {"name": "Can view group", "content_type": 3, "codename": "view_group"}}, {"model": "auth.permission", "pk": 13, "fields": {"name": "Can add user", "content_type": 4, "codename": "add_user"}}, {"model": "auth.permission", "pk": 14, "fields": {"name": "Can change user", "content_type": 4, "codename": "change_user"}}, {"model": "auth.permission", "pk": 15, "fields": {"name": "Can delete user", "content_type": 4, "codename": "delete_user"}}, {"model": "auth.permission", "pk": 16, "fields": {"name": "Can view user", "content_type": 4, "codename": "view_user"}}, {"model": "auth.permission", "pk": 17, "fields": {"name": "Can add content type", "content_type": 5, "codename": "add_contenttype"}}, {"model": "auth.permission", "pk": 18, "fields": {"name": "Can change content type", "content_type": 5, "codename": "change_contenttype"}}, {"model": "auth.permission", "pk": 19, "fields": {"name": "Can delete content type", "content_type": 5, "codename": "delete_contenttype"}}, {"model": "auth.permission", "pk": 20, "fields": {"name": "Can view content type", "content_type": 5, "codename": "view_contenttype"}}, {"model": "auth.permission", "pk": 21, "fields": {"name": "Can add session", "content_type": 6, "codename": "add_session"}}, {"model": "auth.permission", "pk": 22, "fields": {"name": "Can change session", "content_type": 6, "codename": "change_session"}}, {"model": "auth.permission", "pk": 23, "fields": {"name": "Can delete session", "content_type": 6, "codename": "delete_session"}}, {"model": "auth.permission", "pk": 24, "fields": {"name": "Can view session", "content_type": 6, "codename": "view_session"}}, {"model": "auth.permission", "pk": 25, "fields": {"name": "Can add topic", "content_type": 7, "codename": "add_topic"}}, {"model": "auth.permission", "pk": 26, "fields": {"name": "Can change topic", "content_type": 7, "codename": "change_topic"}}, {"model": "auth.permission", "pk": 27, "fields": {"name": "Can delete topic", "content_type": 7, "codename": "delete_topic"}}, {"model": "auth.permission", "pk": 28, "fields": {"name": "Can view topic", "content_type": 7, "codename": "view_topic"}}, {"model": "auth.permission", "pk": 29, "fields": {"name": "Can add user", "content_type": 8, "codename": "add_student"}}, {"model": "auth.permission", "pk": 30, "fields": {"name": "Can change user", "content_type": 8, "codename": "change_student"}}, {"model": "auth.permission", "pk": 31, "fields": {"name": "Can delete user", "content_type": 8, "codename": "delete_student"}}, {"model": "auth.permission", "pk": 32, "fields": {"name": "Can view user", "content_type": 8, "codename": "view_student"}}, {"model": "auth.permission", "pk": 33, "fields": {"name": "Can add course", "content_type": 9, "codename": "add_course"}}, {"model": "auth.permission", "pk": 34, "fields": {"name": "Can change course", "content_type": 9, "codename": "change_course"}}, {"model": "auth.permission", "pk": 35, "fields": {"name": "Can delete course", "content_type": 9, "codename": "delete_course"}}, {"model": "auth.permission", "pk": 36, "fields": {"name": "Can view course", "content_type": 9, "codename": "view_course"}}, {"model": "auth.permission", "pk": 37, "fields": {"name": "Can add order", "content_type": 10, "codename": "add_order"}}, {"model": "auth.permission", "pk": 38, "fields": {"name": "Can change order", "content_type": 10, "codename": "change_order"}}, {"model": "auth.permission", "pk": 39, "fields": {"name": "Can delete order", "content_type": 10, "codename": "delete_order"}}, {"model": "auth.permission", "pk": 40, "fields": {"name": "Can view order", "content_type": 10, "codename": "view_order"}}, {"model": "auth.user", "pk": 1, "fields": {"password": "pbkdf2_sha256$320000$jOpEeBFCHITT4gy6Gdza9j$WP+o8xOH0gFl3vh9uTI7PO3Ie222Mx7bohMu6e39zls=", "last_login": "2022-08-12T18:09:48.020Z", "is_superuser": true, "username": "allen", "first_name": "", "last_name": "", "email": "thomas74@uwindsor.ca", "is_staff": true, "is_active": true, "date_joined": "2022-05-30T13:49:52.237Z", "groups": [], "user_permissions": []}}, {"model": "auth.user", "pk": 2, "fields": {"password": "s", "last_login": null, "is_superuser": true, "username": "j", "first_name": "John", "last_name": "Smith", "email": "", "is_staff": false, "is_active": true, "date_joined": "2022-06-01T01:35:28Z", "groups": [], "user_permissions": []}}, {"model": "auth.user", "pk": 3, "fields": {"password": "j", "last_login": null, "is_superuser": false, "username": "m", "first_name": "Mary", "last_name": "Jones", "email": "", "is_staff": false, "is_active": true, "date_joined": "2022-06-01T01:37:13Z", "groups": [], "user_permissions": []}}, {"model": "auth.user", "pk": 4, "fields": {"password": "g", "last_login": null, "is_superuser": false, "username": "a", "first_name": "Alan", "last_name": "George", "email": "", "is_staff": false, "is_active": true, "date_joined": "2022-06-01T01:38:05Z", "groups": [], "user_permissions": []}}, {"model": "auth.user", "pk": 5, "fields": {"password": "pbkdf2_sha256$320000$aA36e7QAd8giZUxWCjStlG$rfdjOTFLrcPkeZaHKzBodBcfrL7J9yvlK4gr/w+eYDc=", "last_login": "2022-07-19T18:36:28.944Z", "is_superuser": false, "username": "jo", "first_name": "Josh", "last_name": "Jones", "email": "", "is_staff": false, "is_active": true, "date_joined": "2022-06-01T01:38:45Z", "groups": [], "user_permissions": []}}, {"model": "auth.user", "pk": 6, "fields": {"password": "b", "last_login": null, "is_superuser": false, "username": "c", "first_name": "Chris", "last_name": "Bill", "email": "", "is_staff": false, "is_active": true, "date_joined": "2022-06-01T01:39:40Z", "groups": [], "user_permissions": []}}, {"model": "auth.user", "pk": 7, "fields": {"password": "pbkdf2_sha256$320000$88JFBt0wmXr5xUtS1Af3Un$dqsz4SK+GrNs7Sal9H3W7Ku53Cw8nCeoGwTMOoxbcyE=", "last_login": "2022-08-12T17:02:05.742Z", "is_superuser": false, "username": "bill", "first_name": "", "last_name": "", "email": "", "is_staff": false, "is_active": true, "date_joined": "2022-07-19T12:14:35Z", "groups": [], "user_permissions": []}}, {"model": "auth.user", "pk": 9, "fields": {"password": "pbkdf2_sha256$320000$7fNxLA7K5jtE7XJdzpk463$QxfQG/hcxvsymH4X5qcxUCgh7HzF0J1UOACIDaSHzC8=", "last_login": "2022-08-09T22:45:48.911Z", "is_superuser": false, "username": "Anand", "first_name": "Anand", "last_name": "Skaria", "email": "", "is_staff": false, "is_active": true, "date_joined": "2022-08-09T22:45:22.490Z", "groups": [], "user_permissions": []}}, {"model": "auth.user", "pk": 10, "fields": {"password": "pbkdf2_sha256$320000$vNk4sUseKEPvc1UegoJ3o4$fcpOPdWC4v9cwugauuokKMBsxtmmHktxT0vaJ4n+R1Y=", "last_login": "2022-08-12T18:08:53.179Z", "is_superuser": false, "username": "arathy1", "first_name": "Arathy", "last_name": "Unni", "email": "", "is_staff": false, "is_active": true, "date_joined": "2022-08-12T17:35:48.852Z", "groups": [], "user_permissions": []}}, {"model": "contenttypes.contenttype", "pk": 1, "fields": {"app_label": "admin", "model": "logentry"}}, {"model": "contenttypes.contenttype", "pk": 2, "fields": {"app_label": "auth", "model": "permission"}}, {"model": "contenttypes.contenttype", "pk": 3, "fields": {"app_label": "auth", "model": "group"}}, {"model": "contenttypes.contenttype", "pk": 4, "fields": {"app_label": "auth", "model": "user"}}, {"model": "contenttypes.contenttype", "pk": 5, "fields": {"app_label": "contenttypes", "model": "contenttype"}}, {"model": "contenttypes.contenttype", "pk": 6, "fields": {"app_label": "sessions", "model": "session"}}, {"model": "contenttypes.contenttype", "pk": 7, "fields": {"app_label": "myapp", "model": "topic"}}, {"model": "contenttypes.contenttype", "pk": 8, "fields": {"app_label": "myapp", "model": "student"}}, {"model": "contenttypes.contenttype", "pk": 9, "fields": {"app_label": "myapp", "model": "course"}}, {"model": "contenttypes.contenttype", "pk": 10, "fields": {"app_label": "myapp", "model": "order"}}, {"model": "sessions.session", "pk": "4f8ioeatqstho4dum3zd8bh0t5pqtv3o", "fields": {"session_data": ".eJxVjEEOwiAQRe_C2hBoBygu3fcMZIYBqRqalHZlvLtt0oVu_3vvv0XAbS1ha2kJE4ur0OLyuxHGZ6oH4AfW-yzjXNdlInko8qRNjjOn1-10_w4KtrLXTjlvkKkH9tTHgTMgdcBZKyCwhrush6RtMtn7bIEUKKPARjA7cyQ-X-fGN6M:1o8Mn8:Tgp7PpxjLlVTuEOvbztfiJijB6XA1NalaeIoMrSBPV8", "expire_date": "2022-07-18T14:11:10.157Z"}}, {"model": "sessions.session", "pk": "alwkuxmwgzr6216yrnou3a8rvwc9k1a4", "fields": {"session_data": ".eJxVjEEOwiAQRe_C2hBoBygu3fcMZIYBqRqalHZlvLtt0oVu_3vvv0XAbS1ha2kJE4ur0OLyuxHGZ6oH4AfW-yzjXNdlInko8qRNjjOn1-10_w4KtrLXTjlvkKkH9tTHgTMgdcBZKyCwhrush6RtMtn7bIEUKKPARjA7cyQ-X-fGN6M:1nvfmp:YmQJaRh4SxvJvM9mPOzfo1hb0NO7fQ9IIPoSz51pIoA", "expire_date": "2022-06-13T13:50:23.445Z"}}, {"model": "sessions.session", "pk": "pnud87wc9zj1alko5jzqposykwzl7549", "fields": {"session_data": ".eJxVjstuwyAQRX-lYp2gAQM2XnbfP4iEeIxjagqVIUqqqv9eLGXRbu-598x8E2NvbTW3iruJgcyEkdPfzFm_YT5AeLf5Wqgvue3R0aNCn7TStxIwvT67_wSrrWtfjzBqaYMbRNBu8FNYhHVchIWBcELJwBc2IVMoF60XJRwIkCCUF7Kz0XVpw9p8KVvE7ruXfcPjVLK1mVSuMff0QjhwfobpDPqF6ZmN8zBRDopzdSHHYxVrjSUbfHzG_YvMgwI4kWw_DqlNCTP5-QWMbVcA:1oLYTi:cSUTBrvatJJHVNT6UjRsD3CNFAaS8uwkfc6hjJjl8xk", "expire_date": "2022-08-10T00:17:38.528Z"}}, {"model": "sessions.session", "pk": "smj3nqhs2nudiws2wmvscs0hfluuqn67", "fields": {"session_data": ".eJxVjEtuAyEQBa8SsY5RwzTMZ5l9bmAJ8Wk8ZEYQDVixFeXuwZI33lbVe7-sUW2-lC0RW9hPOTYK7J3ttjazl0vKnZ6ZBClPMJ0A34RcEBep-aRnOYgz67WpVGsq2dDtOx13tgwaoGN7bau5VjpMCv1HsBfmrN8oP0T4svlSuC-5HcnxR8KftvLPEmj_eLYvB6uta1-PMM7KBjdgmN3gpxDROokhCkCHWgUZxURCk4rzHDU6QFCA2qPqbnTs7x_am1Jh:1oJdxu:10ao_Gm8Rx9WI1aH46vjKkAzpUaoR42pCCP2apnbB9k", "expire_date": "2022-08-04T17:44:54.044Z"}}, {"model": "sessions.session", "pk": "tdl19eincuic6h05r6dkf0rrdpnkgeam", "fields": {"session_data": ".eJxVjctuwyAURH-lYt2gCwZsvOy-fxAJ8bjExBZUhqitovx7sJRNtnNmztyJqVhrKtng30_a_8k8KIBPYuytLeZWcTcpkJkw8pY561fMBwhXmy-F-pLbnhw9KvRFK_0uAbevV_dNsNi69PUIo5Y2uEEE7QY_hSis4yJEBsIJJQOPbEKmUEatoxIOBEgQygvZ2ei6tGFtvpQ1Yff9ln3F42qztZmtXFLu6Zlw4PwE0wnkB-iZwcw15XyQkp0JeTwBP1lSWQ:1oJx5x:l8fi4_XE1QA3MNxvgFroZDZj_HH06C3-nSbwfYqNqA4", "expire_date": "2022-08-05T14:10:29.552Z"}}, {"model": "myapp.topic", "pk": 1, "fields": {"name": "Web Development", "category": "Web Development"}}, {"model": "myapp.topic", "pk": 2, "fields": {"name": "Management", "category": "Management"}}, {"model": "myapp.topic", "pk": 3, "fields": {"name": "Economics", "category": "Economics"}}, {"model": "myapp.topic", "pk": 4, "fields": {"name": "IT Certification", "category": "IT Certification"}}, {"model": "myapp.topic", "pk": 5, "fields": {"name": "Sports", "category": "Sports"}}, {"model": "myapp.topic", "pk": 6, "fields": {"name": "MBBS", "category": "Sports"}}, {"model": "myapp.course", "pk": 1, "fields": {"topic": 4, "name": "CCNA", "price": "199.99", "for_everyone": false, "description": "", "interested": 0, "stages": 3}}, {"model": "myapp.course", "pk": 2, "fields": {"topic": 4, "name": "AWS", "price": "119.99", "for_everyone": true, "description": "", "interested": 5, "stages": 3}}, {"model": "myapp.course", "pk": 3, "fields": {"topic": 4, "name": "CompTIA Security", "price": "139.99", "for_everyone": true, "description": "", "interested": 0, "stages": 3}}, {"model": "myapp.course", "pk": 4, "fields": {"topic": 4, "name": "Oracle SQL", "price": "159.99", "for_everyone": true, "description": "", "interested": 0, "stages": 3}}, {"model": "myapp.course", "pk": 5, "fields": {"topic": 3, "name": "Microeconomics", "price": "199.99", "for_everyone": true, "description": "", "interested": 0, "stages": 3}}, {"model": "myapp.course", "pk": 6, "fields": {"topic": 3, "name": "Introduction to Economics", "price": "174.99", "for_everyone": true, "description": "", "interested": 0, "stages": 3}}, {"model": "myapp.course", "pk": 7, "fields": {"topic": 3, "name": "Global Economics", "price": "149.99", "for_everyone": true, "description": "", "interested": 0, "stages": 3}}, {"model": "myapp.course", "pk": 8, "fields": {"topic": 1, "name": "Web Development Bootcamp", "price": "199.99", "for_everyone": false, "description": "", "interested": 0, "stages": 3}}, {"model": "myapp.course", "pk": 9, "fields": {"topic": 1, "name": "Web Design", "price": "159.99", "for_everyone": true, "description": "", "interested": 0, "stages": 3}}, {"model": "myapp.course", "pk": 10, "fields": {"topic": 1, "name": "Web Development Mastercalss", "price": "124.99", "for_everyone": true, "description": "", "interested": 0, "stages": 3}}, {"model": "myapp.course", "pk": 11, "fields": {"topic": 1, "name": "Build Responsive Websites", "price": "149.99", "for_everyone": true, "description": "", "interested": 0, "stages": 3}}, {"model": "myapp.course", "pk": 12, "fields": {"topic": 2, "name": "Innovation for Business", "price": "174.99", "for_everyone": true, "description": "", "interested": 0, "stages": 3}}, {"model": "myapp.course", "pk": 13, "fields": {"topic": 2, "name": "Leadership Skills", "price": "166.50", "for_everyone": true, "description": "", "interested": 0, "stages": 3}}, {"model": "myapp.course", "pk": 14, "fields": {"topic": 2, "name": "Project Management", "price": "135.00", "for_everyone": true, "description": "", "interested": 0, "stages": 3}}, {"model": "myapp.course", "pk": 15, "fields": {"topic": 6, "name": "Bachelor of Medicine and Bachelor of Science", "price": "0.01", "for_everyone": false, "description": "", "interested": 0, "stages": 3}}, {"model": "myapp.course", "pk": 16, "fields": {"topic": 1, "name": "Bootstrap", "price": "120.00", "for_everyone": true, "description": "Learn Bootstrap", "interested": 5, "stages": 2}}, {"model": "myapp.student", "pk": 2, "fields": {"school": null, "address": "123 University Avenue", "city": "WS", "image": "", "interested_in": [1, 2, 3, 4]}}, {"model": "myapp.student", "pk": 3, "fields": {"school": null, "address": "235 Sunset Avenue", "city": "VC", "image": "", "interested_in": [1, 3]}}, {"model": "myapp.student", "pk": 4, "fields": {"school": null, "address": "306 Prince Street", "city": "CG", "image": "", "interested_in": [2, 3, 4]}}, {"model": "myapp.student", "pk": 5, "fields": {"school": null, "address": "442 Sunset Avenue", "city": "MR", "image": "", "interested_in": [3, 4]}}, {"model": "myapp.student", "pk": 6, "fields": {"school": null, "address": "987 King Street", "city": "WS", "image": "static/images/Teams_Background_-_Co-operative_Education_Students_3.png", "interested_in": [2]}}, {"model": "myapp.student", "pk": 9, "fields": {"school": null, "address": null, "city": "WS", "image": "", "interested_in": []}}, {"model": "myapp.student", "pk": 10, "fields": {"school": null, "address": null, "city": "WS", "image": "", "interested_in": []}}, {"model": "myapp.order", "pk": 1, "fields": {"course": 8, "student": 3, "levels": 1, "order_status": 1, "order_date": "2022-06-01"}}, {"model": "myapp.order", "pk": 2, "fields": {"course": 1, "student": 2, "levels": 2, "order_status": 1, "order_date": "2022-06-01"}}, {"model": "myapp.order", "pk": 3, "fields": {"course": 5, "student": 6, "levels": 4, "order_status": 0, "order_date": "2022-06-01"}}, {"model": "myapp.order", "pk": 4, "fields": {"course": 2, "student": 3, "levels": 3, "order_status": 1, "order_date": "2021-07-11"}}, {"model": "myapp.order", "pk": 5, "fields": {"course": 1, "student": 2, "levels": 1, "order_status": 1, "order_date": "2021-07-11"}}, {"model": "myapp.order", "pk": 6, "fields": {"course": 1, "student": 2, "levels": 1, "order_status": 1, "order_date": "2021-07-12"}}, {"model": "myapp.order", "pk": 7, "fields": {"course": 6, "student": 2, "levels": 2, "order_status": 1, "order_date": "2021-07-13"}}, {"model": "myapp.order", "pk": 8, "fields": {"course": 6, "student": 3, "levels": 2, "order_status": 1, "order_date": "2021-07-13"}}, {"model": "myapp.order", "pk": 9, "fields": {"course": 12, "student": 3, "levels": 2, "order_status": 1, "order_date": "2021-07-12"}}, {"model": "myapp.order", "pk": 10, "fields": {"course": 1, "student": 10, "levels": 2, "order_status": 1, "order_date": "2021-07-13"}}]